RSBSA REFERENCE NUMBER,FIRSTNAME,MIDDLENAME,LASTNAME,EXTENSIONNAME,IDNUMBER,GOVTIDTYPE,STREETNO_PUROKNO,BARANGAY,CITYMUNICIPALITY,DISTRICT,PROVINCE,REGION,BIRTHDATE(YYYY-MM-DD),PLACEOFBIRTH,MOBILENO,SEX,NATIONALITY,PROFESSION,SOURCEOFFUNDS,MOTHERMAIDENNAME,# OF FARM PARCEL,TOTAL FARM AREA (Ha)
88-18-9862-50001,Mary,Deogracias,Lindayag,,CD120001,License,Street Name1,Barangay Name1,Dasmarinas City,District 1,Cavite,Region 1,10/28/1996,San Juan Ilocos Sur,9271297371,F,FILIPINO,FARMER,FARMING,Dev Joels,5,2
88-18-9862-50002,Juan,Cruz,Tan,Jr,CD120002,License,Street Name2,Barangay Name2,Tagaytay City,District 2,Cavite,Region 2,10/15/1992,San Juan Ilocos Sur,9271292860,M,FILIPINO,FARMER,FARMING,Mark Lofot,2,12
88-18-9862-50003,Liza,Reyes,Sy,,CD120003,License,Street Name3,Barangay Name3,Dasmarinas City,District 3,Cavite,Region 3,12/15/1998,San Juan Ilocos Sur,9271271190,F,FILIPINO,FARMER,FARMING,Luke James,3,14
88-18-9862-50004,Angelo,Dela Cruz,Chan,,CD120004,License,Street Name4,Barangay Name4,Tagaytay City,District 4,Cavite,Region 4,10/20/1966,San Juan Ilocos Sur,9271229817,M,FILIPINO,FARMER,FARMING,Maria Tan,4,19
88-18-9862-50005,Marjorie,Uy,Cruz,,CD120005,License,Street Name5,Barangay Name5,Dasmarinas City,District 5,Cavite,Region 5,12/24/1970,San Juan Ilocos Sur,9271246674,F,FILIPINO,FARMER,FARMING,Maria Sy,5,16
88-18-9862-50006,Vicente,Basa,Ting JR,III,CD120006,License,Street Name6,Barangay Name6,Alaminos,District 6,Pangasinan,Region 6,12/13/1962,San Juan Ilocos Sur,9271223830,M,FILIPINO,FARMER,FARMING,Maria Chan,1,
88-18-9862-50007,Susana,Matibag,Ipol,,CD120007,License,Street Name7,Barangay Name7,Angeles City,District 7,Pampanga,Region 7,12/30/1982,San Juan Ilocos Sur,9271297073,F,FILIPINO,FARMER,FARMING,Maria Cruz,3,
88-18-9862-50008,Rossetta,Soriano,Flores,,CD120008,License,Street Name8,Barangay Name8,Antipolo,District 8,Nueva Vizcaya,Region 8,12/28/1973,San Juan Ilocos Sur,9271222834,M,FILIPINO,FARMER,FARMING,Maria Ting JR,,
88-18-9862-50009,Rodolfo,Aldave,Oliva,,CD120009,License,Street Name9,Barangay Name9,Bacolod,District 9,Negros Occidental,Region 9,10/24/1975,San Juan Ilocos Sur,9271268692,F,FILIPINO,FARMER,FARMING,Maria Ipol,,
88-18-9862-50010,Raulito,Monciller,Espiritu,,CD120010,License,Street Name10,Barangay Name10,Bacoor,District 10,Cavite,Region 10,12/17/1988,San Juan Ilocos Sur,9271222609,M,FILIPINO,FARMER,FARMING,Maria Flores,,
88-18-9862-50011,Nenita,Pagtakhan,Reyes,,CD120011,License,Street Name11,Barangay Name11,Bago,District 11,Negros Occidental,Region 11,12/14/1981,San Juan Ilocos Sur,9271230697,F,FILIPINO,FARMER,FARMING,Maria Oliva,,
88-18-9862-50012,Minda,Dela Cruz,Pajares,,CD120012,License,Street Name12,Barangay Name12,Baguio,District 12,Benguet,Region 12,10/24/1962,San Juan Ilocos Sur,9271298785,M,FILIPINO,FARMER,FARMING,Maria Espiritu,,
88-18-9862-50013,Merlita,Uy,Pagtakhan,,CD120013,License,Street Name13,Barangay Name13,Bais,District 13,Negros Oriental,Region 13,12/29/1994,San Juan Ilocos Sur,9271297486,F,FILIPINO,FARMER,FARMING,Maria Reyes,,
88-18-9862-50014,Maurecia,Soriano,Cabuguas,,CD120014,License,Street Name14,Barangay Name14,Balanga,District 14,Bataan,Region 14,11/18/1973,San Juan Ilocos Sur,9271261357,M,FILIPINO,FARMER,FARMING,Maria Pajares,,
88-18-9862-50015,Marilou,Bautista,Siongco,,CD120015,License,Street Name15,Barangay Name15,Batac,District 15,Ilocos Norte,Region 15,11/16/1997,San Juan Ilocos Sur,9271270460,F,FILIPINO,FARMER,FARMING,Maria Pagtakhan,,
88-18-9862-50016,Luis,Dantes,Adriano,IV,CD120016,License,Street Name16,Barangay Name16,Batangas City,District 16,Batangas,Region 16,12/17/1976,San Juan Ilocos Sur,9271260826,M,FILIPINO,FARMER,FARMING,Maria Cabuguas,,
88-18-9862-50017,Jordan,Lao,Basa,,CD120017,License,Street Name17,Barangay Name17,Bayawan,District 17,Negros Oriental,Region 17,10/12/1987,San Juan Ilocos Sur,9271296544,F,FILIPINO,FARMER,FARMING,Maria Siongco,,
88-18-9862-50018,Joan,Suntay,Matibag,,CD120018,License,Street Name18,Barangay Name18,Baybay,District 18,Leyte,Region 18,12/16/1968,San Juan Ilocos Sur,9271268970,M,FILIPINO,FARMER,FARMING,Maria Adriano,,
88-18-9862-50019,Fernando,Bista,Soriano,,CD120019,License,Street Name19,Barangay Name19,Bayugan,District 19,Agusan del Sur,Region 19,11/26/1969,San Juan Ilocos Sur,9271245097,F,FILIPINO,FARMER,FARMING,Maria Basa,,
88-18-9862-50020,Felicitas,Susi,Aldave,,CD120020,License,Street Name20,Barangay Name20,Bi바n,District 20,Laguna,Region 20,10/28/1989,San Juan Ilocos Sur,9271221361,M,FILIPINO,FARMER,FARMING,Maria Matibag,,
88-18-9862-50021,Ernanie,Reyes,Abarientos,,CD120021,License,Street Name21,Barangay Name21,Bislig,District 21,Surigao del Sur,Region 21,11/24/1983,San Juan Ilocos Sur,9271274960,F,FILIPINO,FARMER,FARMING,Maria Soriano,,
88-18-9862-50022,Erlinda,Pajares,Monciller,,CD120022,License,Street Name22,Barangay Name22,Bogo,District 22,Cebu,Region 22,11/25/1964,San Juan Ilocos Sur,9271276591,M,FILIPINO,FARMER,FARMING,Maria Aldave,,
88-18-9862-50023,Emelita,Pagtakhan,Topacio,,CD120023,License,Street Name23,Barangay Name23,Borongan,District 23,Eastern Samar,Region 23,11/16/1983,San Juan Ilocos Sur,9271248756,F,FILIPINO,FARMER,FARMING,Maria Abarientos,,
88-18-9862-50024,Jose,Cabuguas,Go,,CD120024,License,Street Name24,Barangay Name24,Butuan,District 24,Agusan del Norte,Region 24,10/18/1964,San Juan Ilocos Sur,9271299478,M,FILIPINO,FARMER,FARMING,Maria Monciller,,
88-18-9862-50025,Editha,Siongco,Zamora,,CD120025,License,Street Name25,Barangay Name25,Cabadbaran,District 25,Agusan del Norte,Region 25,10/30/1999,San Juan Ilocos Sur,9271257408,F,FILIPINO,FARMER,FARMING,Maria Topacio,,
88-18-9862-50026,Danilo,Adriano,Bautista,,CD120026,License,Street Name26,Barangay Name26,Cabanatuan,District 26,Nueva Ecija,Region 26,12/12/1976,San Juan Ilocos Sur,9271241367,M,FILIPINO,FARMER,FARMING,Maria Go,,
88-18-9862-50027,Corazon,Basa,Bacatan,,CD120027,License,Street Name27,Barangay Name27,Cabuyao,District 27,Laguna,Region 27,10/26/1963,San Juan Ilocos Sur,9271231599,F,FILIPINO,FARMER,FARMING,Maria Zamora,,
88-18-9862-50028,Clara,Matibag,Delos Reyes,,CD120028,License,Street Name28,Barangay Name28,Cadiz,District 28,Negros Occidental,Region 28,12/18/1984,San Juan Ilocos Sur,9271244283,M,FILIPINO,FARMER,FARMING,Maria Bautista,,
88-18-9862-50029,Carl,Harrison,Grant,,CD120029,License,Street Name29,Barangay Name29,Cagayan de Oro,District 29,Misamis Oriental,Region 29,10/24/1992,San Juan Ilocos Sur,9271261446,F,FILIPINO,FARMER,FARMING,Maria Bacatan,,
88-18-9862-50030,Eddy,Wells,Pisco,,CD120030,License,Street Name30,Barangay Name30,Calamba,District 30,Laguna,Region 30,10/11/1978,San Juan Ilocos Sur,9271222734,M,FILIPINO,FARMER,FARMING,Maria Delos Reyes,,
88-18-9862-50031,Lenny,Cameron,Onin,,CD120031,License,Street Name31,Barangay Name31,Calapan,District 31,Oriental Mindoro,Region 31,11/28/1971,San Juan Ilocos Sur,9271296015,F,FILIPINO,FARMER,FARMING,Maria Grant,,
88-18-9862-50032,John,Foster,Kelos,,CD120032,License,Street Name32,Barangay Name32,Calbayog,District 32,Samar,Region 32,11/24/1994,San Juan Ilocos Sur,9271231552,M,FILIPINO,FARMER,FARMING,Maria Pisco,,
88-18-9862-50033,Henry,Moore,Howes,,CD120033,License,Street Name33,Barangay Name33,Caloocan,District 33,Occidental Mindoro,Region 33,12/24/1965,San Juan Ilocos Sur,9271285407,F,FILIPINO,FARMER,FARMING,Maria Onin,,
88-18-9862-50034,Aston,Perkins,Sing,,CD120034,License,Street Name34,Barangay Name34,Candon,District 34,Ilocos Sur,Region 34,12/24/1994,San Juan Ilocos Sur,9271281561,M,FILIPINO,FARMER,FARMING,Maria Kelos,,
88-18-9862-50035,Valeria,Dixon,Baseo,,CD120035,License,Street Name35,Barangay Name35,Canlaon,District 35,Negros Oriental,Region 35,11/16/1967,San Juan Ilocos Sur,9271219759,F,FILIPINO,FARMER,FARMING,Maria Howes,,
88-18-9862-50036,Adrian,Wilson,Masa,,CD120036,License,Street Name36,Barangay Name36,Carcar,District 36,Cebu,Region 36,10/23/1960,San Juan Ilocos Sur,9271228316,M,FILIPINO,FARMER,FARMING,Maria Sing,,
88-18-9862-50037,Camila,Casey,Genabe,,CD120037,License,Street Name37,Barangay Name37,Catbalogan,District 37,Samar,Region 37,11/18/1970,San Juan Ilocos Sur,9271239528,F,FILIPINO,FARMER,FARMING,Maria Baseo,,
88-18-9862-50038,Violet,Taylor,Brongo,,CD120038,License,Street Name38,Barangay Name38,Cauayan,District 38,Isabela,Region 38,12/22/2000,San Juan Ilocos Sur,9271232644,M,FILIPINO,FARMER,FARMING,Maria Masa,,
88-18-9862-50039,Tony,Williams,Sullivan,,CD120039,License,Street Name39,Barangay Name39,Cavite City,District 39,Cavite,Region 39,11/25/1988,San Juan Ilocos Sur,9271271500,F,FILIPINO,FARMER,FARMING,Maria Genabe,,
88-18-9862-50040,Emma,Campbell,Basilio,,CD120040,License,Street Name40,Barangay Name40,Cebu City,District 40,Cebu,Region 40,11/18/1972,San Juan Ilocos Sur,9271243928,M,FILIPINO,FARMER,FARMING,Maria Brongo,,
88-18-9862-50041,Naomi,Uy,Scott,,CD120041,License,Street Name41,Barangay Name41,Cotabato City,District 41,Maguindanao,Region 41,12/25/1981,San Juan Ilocos Sur,9271281194,F,FILIPINO,FARMER,FARMING,Maria Sullivan,,
88-18-9862-50042,Stuart,Parker,Dixon,,CD120042,License,Street Name42,Barangay Name42,Dagupan,District 42,Pangasinan,Region 42,10/14/1966,San Juan Ilocos Sur,9271240942,M,FILIPINO,FARMER,FARMING,Maria Basilio,,
88-18-9862-50043,Brad,Foster,Hangin,,CD120043,License,Street Name43,Barangay Name43,Danao,District 43,Cebu,Region 43,10/23/1982,San Juan Ilocos Sur,9271271397,F,FILIPINO,FARMER,FARMING,Maria Scott,,
88-18-9862-50044,Briony,Harrison,Grantes,,CD120044,License,Street Name44,Barangay Name44,Dapitan,District 44,Cebu,Region 44,11/18/1973,San Juan Ilocos Sur,9271284986,M,FILIPINO,FARMER,FARMING,Maria Dixon,,
88-18-9862-50045,Eric,Spencer,Reyes,,CD120045,License,Street Name45,Barangay Name45,Dasmari바s,District 45,Cavite,Region 45,11/14/1987,San Juan Ilocos Sur,9271223187,F,FILIPINO,FARMER,FARMING,Maria Hangin,,
88-18-9862-50046,Rebecca,Gibson,Moore,,CD120046,License,Street Name46,Barangay Name46,Davao City,District 46,Davao del Sur,Region 46,10/10/1996,San Juan Ilocos Sur,9271222176,M,FILIPINO,FARMER,FARMING,Maria Grantes,,
88-18-9862-50047,Chester,Craig,Evans,,CD120047,License,Street Name47,Barangay Name47,Digos,District 47,Davao del Sur,Region 47,11/28/1981,San Juan Ilocos Sur,9271287136,F,FILIPINO,FARMER,FARMING,Maria Reyes,,
88-18-9862-50048,Kellan,Adams,Jong,,CD120048,License,Street Name48,Barangay Name48,Dipolog,District 48,Davao del Sur,Region 48,10/19/1973,San Juan Ilocos Sur,9271292296,M,FILIPINO,FARMER,FARMING,Maria Moore,,
88-18-9862-50049,Lily,Foster,Baker,,CD120049,License,Street Name49,Barangay Name49,Dumaguete,District 49,Negros Oriental,Region 49,10/20/1970,San Juan Ilocos Sur,9271299469,F,FILIPINO,FARMER,FARMING,Maria Evans,,
88-18-9862-50050,Edgar,Wilson,Melos,,CD120050,License,Street Name50,Barangay Name50,El Salvador,District 50,Misamis Oriental,Region 50,10/30/1982,San Juan Ilocos Sur,9271298955,M,FILIPINO,FARMER,FARMING,Maria Jong,,
88-18-9862-50051,Julia,Morgan,Thomas,,CD120051,License,Street Name51,Barangay Name51,Escalante,District 51,Negros Occidental,Region 51,10/10/1977,San Juan Ilocos Sur,9271286333,F,FILIPINO,FARMER,FARMING,Maria Baker,,
88-18-9862-50052,Isabella,Gray,Tucker,,CD120052,License,Street Name52,Barangay Name52,Gapan,District 52,Nueva Ecija,Region 52,12/26/1970,San Juan Ilocos Sur,9271272970,M,FILIPINO,FARMER,FARMING,Maria Melos,,
88-18-9862-50053,Eddy,Allen,Russell,,CD120053,License,Street Name53,Barangay Name53,General Santos,District 53,South Cotabato,Region 53,11/20/2000,San Juan Ilocos Sur,9271211531,F,FILIPINO,FARMER,FARMING,Maria Thomas,,
88-18-9862-50054,Melissa,Jones,Thompson,,CD120054,License,Street Name54,Barangay Name54,General Trias,District 54,Cavite,Region 54,12/12/1960,San Juan Ilocos Sur,9271274134,M,FILIPINO,FARMER,FARMING,Maria Tucker,,
88-18-9862-50055,Garry,Wells,Singson,,CD120055,License,Street Name55,Barangay Name55,Gingoog,District 55,Misamis Oriental,Region 55,10/18/1964,San Juan Ilocos Sur,9271241352,F,FILIPINO,FARMER,FARMING,Maria Russell,,
88-18-9862-50056,Robert,Chapman,Hunga,,CD120056,License,Street Name56,Barangay Name56,Guihulngan,District 56,Negros Oriental,Region 56,11/21/1961,San Juan Ilocos Sur,9271235943,M,FILIPINO,FARMER,FARMING,Maria Thompson,,
88-18-9862-50057,Honey,Bailey,Chapman,,CD120057,License,Street Name57,Barangay Name57,Himamaylan,District 57,Negros Occidental,Region 57,11/20/1971,San Juan Ilocos Sur,9271230622,F,FILIPINO,FARMER,FARMING,Maria Singson,,
88-18-9862-50058,Steven,Robinson,Parker,,CD120058,License,Street Name58,Barangay Name58,Ilagan,District 58,Isabela,Region 58,12/16/1963,San Juan Ilocos Sur,9271286117,M,FILIPINO,FARMER,FARMING,Maria Hunga,,
88-18-9862-50059,Florrie,Perry,Walker,,CD120059,License,Street Name59,Barangay Name59,Iligan,District 59,Lanao del Norte,Region 59,10/14/1992,San Juan Ilocos Sur,9271297599,F,FILIPINO,FARMER,FARMING,Maria Chapman,,
88-18-9862-50060,Amanda,Baker,Crawford,,CD120060,License,Street Name60,Barangay Name60,Iloilo City,District 60,Iloilo,Region 60,12/24/1986,San Juan Ilocos Sur,9271283913,M,FILIPINO,FARMER,FARMING,Maria Parker,,
88-18-9862-50061,Dale,Morris,Foster,,CD120061,License,Street Name61,Barangay Name61,Imus,District 61,Cavite,Region 61,12/29/1988,San Juan Ilocos Sur,9271234568,F,FILIPINO,FARMER,FARMING,Maria Walker,,
88-18-9862-50062,Spike,Walker,Kelley,,CD120062,License,Street Name62,Barangay Name62,Iriga,District 62,Camarines Sur,Region 62,10/17/1966,San Juan Ilocos Sur,9271254716,M,FILIPINO,FARMER,FARMING,Maria Crawford,,
88-18-9862-50063,Brad,Adams,Richardson,,CD120063,License,Street Name63,Barangay Name63,Isabela,District 63,Basilan,Region 63,10/10/1996,San Juan Ilocos Sur,9271220252,F,FILIPINO,FARMER,FARMING,Maria Foster,,
88-18-9862-50064,Melanie,Parker,Ross,,CD120064,License,Street Name64,Barangay Name64,Kabankalan,District 64,Negros Occidental,Region 64,12/16/1976,San Juan Ilocos Sur,9271290865,M,FILIPINO,FARMER,FARMING,Maria Kelley,,
88-18-9862-50065,Freddie,Ross,Camello,,CD120065,License,Street Name65,Barangay Name65,Kidapawan,District 65,Cotabato,Region 65,11/11/1987,San Juan Ilocos Sur,9271221258,F,FILIPINO,FARMER,FARMING,Maria Richardson,,
88-18-9862-50066,Albert,Williams,Montgomery,,CD120066,License,Street Name66,Barangay Name66,Koronadal,District 66,South Cotabato,Region 66,12/17/1977,San Juan Ilocos Sur,9271238003,M,FILIPINO,FARMER,FARMING,Maria Ross,,
88-18-9862-50067,Sophia,Taylor,Alleno,,CD120067,License,Street Name67,Barangay Name67,La Carlota,District 67,Negros Occidental,Region 67,12/18/1999,San Juan Ilocos Sur,9271266311,F,FILIPINO,FARMER,FARMING,Maria Camello,,
88-18-9862-50068,David,Scott,Moore,,CD120068,License,Street Name68,Barangay Name68,Lamitan,District 68,Basilan,Region 68,12/12/1989,San Juan Ilocos Sur,9271252178,M,FILIPINO,FARMER,FARMING,Maria Montgomery,,
88-18-9862-50069,Sarah,Morgan,Ostern,,CD120069,License,Street Name69,Barangay Name69,Laoag,District 69,Ilocos Norte,Region 69,10/17/1986,San Juan Ilocos Sur,9271296931,F,FILIPINO,FARMER,FARMING,Maria Alleno,,
88-18-9862-50070,Lana,Moore,Reed,,CD120070,License,Street Name70,Barangay Name70,Lapu-Lapu City,District 70,Cebu,Region 70,10/22/1982,San Juan Ilocos Sur,9271293618,M,FILIPINO,FARMER,FARMING,Maria Moore,,
88-18-9862-50071,Isabella,Wright,Wilson,,CD120071,License,Street Name71,Barangay Name71,Las Pi바s,District 71,Nueva Vizcaya,Region 71,12/23/1983,San Juan Ilocos Sur,9271246177,F,FILIPINO,FARMER,FARMING,Maria Ostern,,
88-18-9862-50072,Lyndon,Thompson,Elliott,,CD120072,License,Street Name72,Barangay Name72,Legazpi,District 72,Albay,Region 72,10/10/1985,San Juan Ilocos Sur,9271296910,M,FILIPINO,FARMER,FARMING,Maria Reed,,
88-18-9862-50073,Madaline,Walker,Ross,,CD120073,License,Street Name73,Barangay Name73,Ligao,District 73,Albay,Region 73,11/26/1967,San Juan Ilocos Sur,9271227378,F,FILIPINO,FARMER,FARMING,Maria Wilson,,
88-18-9862-50074,Lenny,Davis,Toliso,,CD120074,License,Street Name74,Barangay Name74,Lipa,District 74,Batangas,Region 74,12/27/1964,San Juan Ilocos Sur,9271243619,M,FILIPINO,FARMER,FARMING,Maria Elliott,,
88-18-9862-50075,Emily,Sullivan,Watson,,CD120075,License,Street Name75,Barangay Name75,Lucena,District 75,Quezon,Region 75,11/30/1986,San Juan Ilocos Sur,9271217110,F,FILIPINO,FARMER,FARMING,Maria Ross,,
88-18-9862-50076,Penelope,Ross,Nelson,,CD120076,License,Street Name76,Barangay Name76,Maasin,District 76,Southern Leyte,Region 76,10/11/1969,San Juan Ilocos Sur,9271254638,M,FILIPINO,FARMER,FARMING,Maria Toliso,,
88-18-9862-50077,Lydia,Evans,Arison,,CD120077,License,Street Name77,Barangay Name77,Mabalacat,District 77,Pampanga,Region 77,11/13/1991,San Juan Ilocos Sur,9271264079,F,FILIPINO,FARMER,FARMING,Maria Watson,,
88-18-9862-50078,Oscar,Dixon,Walker,,CD120078,License,Street Name78,Barangay Name78,Makati,District 78,Nueva Vizcaya,Region 78,11/13/1973,San Juan Ilocos Sur,9271244865,M,FILIPINO,FARMER,FARMING,Maria Nelson,,
88-18-9862-50079,Julian,Kelley,Halanga,,CD120079,License,Street Name79,Barangay Name79,Malabon,District 79,Nueva Vizcaya,Region 79,10/29/1981,San Juan Ilocos Sur,9271280475,F,FILIPINO,FARMER,FARMING,Maria Arison,,
88-18-9862-50080,Melissa,Henderson,Cunningham,,CD120080,License,Street Name80,Barangay Name80,Malaybalay,District 80,Bukidnon,Region 80,10/24/1997,San Juan Ilocos Sur,9271245963,M,FILIPINO,FARMER,FARMING,Maria Walker,,
88-18-9862-50081,Garry,Foster,Murphy,,CD120081,License,Street Name81,Barangay Name81,Malolos,District 81,Bulacan,Region 81,11/14/1965,San Juan Ilocos Sur,9271223954,F,FILIPINO,FARMER,FARMING,Maria Halanga,,
88-18-9862-50082,Miranda,Jones,Thomas,,CD120082,License,Street Name82,Barangay Name82,Mandaluyong,District 82,Nueva Vizcaya,Region 82,11/24/1986,San Juan Ilocos Sur,9271227569,M,FILIPINO,FARMER,FARMING,Maria Cunningham,,
88-18-9862-50083,James,Nelson,Hangad,,CD120083,License,Street Name83,Barangay Name83,Mandaue,District 83,Cebu,Region 83,10/20/1992,San Juan Ilocos Sur,9271239757,F,FILIPINO,FARMER,FARMING,Maria Murphy,,
88-18-9862-50084,Oliver,Holmes,Cole,,CD120084,License,Street Name84,Barangay Name84,Manila,District 84,Tarlac,Region 84,11/19/1971,San Juan Ilocos Sur,9271211284,M,FILIPINO,FARMER,FARMING,Maria Thomas,,
88-18-9862-50085,Vanessa,Roberts,Mismo,,CD120085,License,Street Name85,Barangay Name85,Marawi,District 85,Lanao del Sur,Region 85,11/27/1979,San Juan Ilocos Sur,9271282683,F,FILIPINO,FARMER,FARMING,Maria Hangad,,
88-18-9862-50086,George,Myers,Martino,,CD120086,License,Street Name86,Barangay Name86,Marikina,District 86,Nueva Vizcaya,Region 86,11/25/1992,San Juan Ilocos Sur,9271220381,M,FILIPINO,FARMER,FARMING,Maria Cole,,
88-18-9862-50087,Stella,Cameron,Carroll,,CD120087,License,Street Name87,Barangay Name87,Masbate City,District 87,Masbate,Region 87,11/25/1981,San Juan Ilocos Sur,9271260304,F,FILIPINO,FARMER,FARMING,Maria Mismo,,
88-18-9862-50088,Preston,Miller,Harrit,,CD120088,License,Street Name88,Barangay Name88,Mati,District 88,Davao Oriental,Region 88,11/15/1967,San Juan Ilocos Sur,9271235734,M,FILIPINO,FARMER,FARMING,Maria Martino,,
88-18-9862-50089,Frederick,Stevens,Mando,,CD120089,License,Street Name89,Barangay Name89,Meycauayan,District 89,Bulacan,Region 89,11/14/1965,San Juan Ilocos Sur,9271242480,F,FILIPINO,FARMER,FARMING,Maria Carroll,,
88-18-9862-50090,Alina,Parker,Bennett,,CD120090,License,Street Name90,Barangay Name90,Mu밢z,District 90,Nueva Ecija,Region 90,11/28/1995,San Juan Ilocos Sur,9271220169,M,FILIPINO,FARMER,FARMING,Maria Harrit,,
88-18-9862-50091,Alfred,Phillips,Biboy,,CD120091,License,Street Name91,Barangay Name91,Muntinlupa,District 91,Nueva Vizcaya,Region 91,11/24/1988,San Juan Ilocos Sur,9271257979,F,FILIPINO,FARMER,FARMING,Maria Mando,,
88-18-9862-50092,Sofia,Kelly,Moore,,CD120092,License,Street Name92,Barangay Name92,Naga,District 92,Camarines Sur,Region 92,11/19/1996,San Juan Ilocos Sur,9271268810,M,FILIPINO,FARMER,FARMING,Maria Bennett,,
88-18-9862-50093,Amelia,Henderson,Rogers,,CD120093,License,Street Name93,Barangay Name93,Naga,District 93,Cebu,Region 93,11/20/1975,San Juan Ilocos Sur,9271260080,F,FILIPINO,FARMER,FARMING,Maria Biboy,,
88-18-9862-50094,Naomi,Harrison,Harris,,CD120094,License,Street Name94,Barangay Name94,Navotas,District 94,Occidental Mindoro,Region 94,11/21/1967,San Juan Ilocos Sur,9271273459,M,FILIPINO,FARMER,FARMING,Maria Moore,,
88-18-9862-50095,Victor,Murray,Douglas,,CD120095,License,Street Name95,Barangay Name95,Olongapo,District 95,Zambales,Region 95,12/11/1985,San Juan Ilocos Sur,9271233189,F,FILIPINO,FARMER,FARMING,Maria Rogers,,
88-18-9862-50096,Ryan,Holmes,Nelson,,CD120096,License,Street Name96,Barangay Name96,Ormoc,District 96,Leyte,Region 96,10/20/1960,San Juan Ilocos Sur,9271285749,M,FILIPINO,FARMER,FARMING,Maria Harris,,
88-18-9862-50097,Lucia,Mason,Wells,,CD120097,License,Street Name97,Barangay Name97,Oroquieta,District 97,Tarlac,Region 97,12/13/1979,San Juan Ilocos Sur,9271294071,F,FILIPINO,FARMER,FARMING,Maria Douglas,,
88-18-9862-50098,Lucy,Grant,Ferguson,,CD120098,License,Street Name98,Barangay Name98,Ozamiz,District 98,Tarlac,Region 98,12/28/1991,San Juan Ilocos Sur,9271264884,M,FILIPINO,FARMER,FARMING,Maria Nelson,,
88-18-9862-50099,Wilson,Foster,Cooper,,CD120099,License,Street Name99,Barangay Name99,Pagadian,District 99,Tarlac,Region 99,12/22/1990,San Juan Ilocos Sur,9271294346,F,FILIPINO,FARMER,FARMING,Maria Wells,,
88-18-9862-50100,Rebecca,Nelson,Kalasing,,CD120100,License,Street Name100,Barangay Name100,Palayan,District 100,Nueva Ecija,Region 100,11/15/1970,San Juan Ilocos Sur,9271241674,M,FILIPINO,FARMER,FARMING,Maria Ferguson,,
88-18-9862-50101,Kelvin,Johnson,Thompson,,CD120101,License,Street Name101,Barangay Name101,Panabo,District 101,Davao del Norte,Region 101,11/29/1970,San Juan Ilocos Sur,9271223112,F,FILIPINO,FARMER,FARMING,Maria Cooper,,
88-18-9862-50102,Edith,Thomas,Higgins,,CD120102,License,Street Name102,Barangay Name102,Para바que,District 102,Occidental Mindoro,Region 102,10/11/1976,San Juan Ilocos Sur,9271255729,M,FILIPINO,FARMER,FARMING,Maria Kalasing,,
88-18-9862-50103,Mary,Adams,Haman,,CD120103,License,Street Name103,Barangay Name103,Pasay,District 103,Nueva Vizcaya,Region 103,12/19/1990,San Juan Ilocos Sur,9271215643,F,FILIPINO,FARMER,FARMING,Maria Thompson,,
88-18-9862-50104,Amelia,Moore,Bailey,,CD120104,License,Street Name104,Barangay Name104,Pasig,District 104,Nueva Vizcaya,Region 104,11/21/1991,San Juan Ilocos Sur,9271292938,M,FILIPINO,FARMER,FARMING,Maria Higgins,,
88-18-9862-50105,Jack,Murphy,Cong,,CD120105,License,Street Name105,Barangay Name105,Passi,District 105,Iloilo,Region 105,10/26/1978,San Juan Ilocos Sur,9271282896,F,FILIPINO,FARMER,FARMING,Maria Haman,,
88-18-9862-50106,Adelaide,Mason,Cruzo,,CD120106,License,Street Name106,Barangay Name106,Puerto Princesa,District 106,Palawan,Region 106,12/16/1988,San Juan Ilocos Sur,9271231903,M,FILIPINO,FARMER,FARMING,Maria Bailey,,
88-18-9862-50107,Caroline,Bennett,Forte,,CD120107,License,Street Name107,Barangay Name107,Quezon City,District 107,Nueva Vizcaya,Region 107,10/16/1967,San Juan Ilocos Sur,9271242287,F,FILIPINO,FARMER,FARMING,Maria Cong,,
88-18-9862-50108,Sam,Johnson,Mitchell,,CD120108,License,Street Name108,Barangay Name108,Roxas,District 108,Capiz,Region 108,11/26/1995,San Juan Ilocos Sur,9271228959,M,FILIPINO,FARMER,FARMING,Maria Cruzo,,
88-18-9862-50109,David,Wells,Taylor,,CD120109,License,Street Name109,Barangay Name109,Sagay,District 109,Negros Occidental,Region 109,12/14/1997,San Juan Ilocos Sur,9271283155,F,FILIPINO,FARMER,FARMING,Maria Forte,,
88-18-9862-50110,Vincent,Cameron,Lloyd,,CD120110,License,Street Name110,Barangay Name110,Samal,District 110,Davao del Norte,Region 110,12/10/1976,San Juan Ilocos Sur,9271293782,M,FILIPINO,FARMER,FARMING,Maria Mitchell,,
88-18-9862-50111,Sydney,Hawkins,Robinson,,CD120111,License,Street Name111,Barangay Name111,San Carlos,District 111,Negros Occidental,Region 111,11/16/1994,San Juan Ilocos Sur,9271229684,F,FILIPINO,FARMER,FARMING,Maria Taylor,,
88-18-9862-50112,Victor,Johnson,Richardson,,CD120112,License,Street Name112,Barangay Name112,San Carlos,District 112,Pangasinan,Region 112,10/21/1998,San Juan Ilocos Sur,9271267945,M,FILIPINO,FARMER,FARMING,Maria Lloyd,,
88-18-9862-50113,Justin,Turner,Barnes,,CD120113,License,Street Name113,Barangay Name113,San Fernando,District 113,La Union,Region 113,11/11/1967,San Juan Ilocos Sur,9271230259,F,FILIPINO,FARMER,FARMING,Maria Robinson,,
88-18-9862-50114,Amy,Harrison,Russell,,CD120114,License,Street Name114,Barangay Name114,San Fernando,District 114,Pampanga,Region 114,12/28/1970,San Juan Ilocos Sur,9271250008,M,FILIPINO,FARMER,FARMING,Maria Richardson,,
88-18-9862-50115,Grace,Kelley,Samartino,,CD120115,License,Street Name115,Barangay Name115,San Jose,District 115,Nueva Ecija,Region 115,10/30/1993,San Juan Ilocos Sur,9271276507,F,FILIPINO,FARMER,FARMING,Maria Barnes,,
88-18-9862-50116,Adam,Montgomery,Davision,,CD120116,License,Street Name116,Barangay Name116,San Jose del Monte,District 116,Bulacan,Region 116,12/15/1973,San Juan Ilocos Sur,9271273074,M,FILIPINO,FARMER,FARMING,Maria Russell,,
88-18-9862-50117,Gianna,Mitchell,Ferrol,,CD120117,License,Street Name117,Barangay Name117,San Juan,District 117,Nueva Vizcaya,Region 117,11/15/1975,San Juan Ilocos Sur,9271254946,F,FILIPINO,FARMER,FARMING,Maria Samartino,,
88-18-9862-50118,Chester,Cooper,Campbell,,CD120118,License,Street Name118,Barangay Name118,San Pablo,District 118,Laguna,Region 118,12/22/1975,San Juan Ilocos Sur,9271269475,M,FILIPINO,FARMER,FARMING,Maria Davision,,
88-18-9862-50119,Carina,Carroll,Casey,,CD120119,License,Street Name119,Barangay Name119,San Pedro,District 119,Laguna,Region 119,12/19/1966,San Juan Ilocos Sur,9271266760,F,FILIPINO,FARMER,FARMING,Maria Ferrol,,
88-18-9862-50120,Fiona,Carroll,Wells,,CD120120,License,Street Name120,Barangay Name120,Santa Rosa,District 120,Laguna,Region 120,12/10/1998,San Juan Ilocos Sur,9271253296,M,FILIPINO,FARMER,FARMING,Maria Campbell,,
88-18-9862-50121,Gianna,Andrews,Nelson,,CD120121,License,Street Name121,Barangay Name121,Santo Tomas,District 121,Batangas,Region 121,10/20/1965,San Juan Ilocos Sur,9271276009,F,FILIPINO,FARMER,FARMING,Maria Casey,,
88-18-9862-50122,Madaline,Brown,Higgs,,CD120122,License,Street Name122,Barangay Name122,Santiago,District 122,Isabela,Region 122,11/25/1970,San Juan Ilocos Sur,9271220233,M,FILIPINO,FARMER,FARMING,Maria Wells,,
88-18-9862-50123,Brooke,Reed,Benga,,CD120123,License,Street Name123,Barangay Name123,Silay,District 123,Negros Occidental,Region 123,11/19/1984,San Juan Ilocos Sur,9271245899,F,FILIPINO,FARMER,FARMING,Maria Nelson,,
88-18-9862-50124,Aston,Gibson,Baligtad,,CD120124,License,Street Name124,Barangay Name124,Sipalay,District 124,Negros Occidental,Region 124,10/28/1995,San Juan Ilocos Sur,9271240873,M,FILIPINO,FARMER,FARMING,Maria Higgs,,
88-18-9862-50125,Brooke,Lloyd,Richards,,CD120125,License,Street Name125,Barangay Name125,Sorsogon City,District 125,Sorsogon,Region 125,12/13/1964,San Juan Ilocos Sur,9271239191,F,FILIPINO,FARMER,FARMING,Maria Benga,,
88-18-9862-50126,Alen,Farrell,Peru,,CD120126,License,Street Name126,Barangay Name126,Surigao City,District 126,Surigao del Norte,Region 126,10/14/1969,San Juan Ilocos Sur,9271212503,M,FILIPINO,FARMER,FARMING,Maria Baligtad,,
88-18-9862-50127,Valeria,Miller,Reyes,,CD120127,License,Street Name127,Barangay Name127,Tabaco,District 127,Albay,Region 127,11/10/1983,San Juan Ilocos Sur,9271294791,F,FILIPINO,FARMER,FARMING,Maria Richards,,
88-18-9862-50128,Amber,Douglas,Reason,,CD120128,License,Street Name128,Barangay Name128,Tabuk,District 128,Kalinga,Region 128,12/28/1982,San Juan Ilocos Sur,9271214410,M,FILIPINO,FARMER,FARMING,Maria Peru,,
88-18-9862-50129,John,Baker,Song,,CD120129,License,Street Name129,Barangay Name129,Tacloban,District 129,Leyte,Region 129,10/12/1999,San Juan Ilocos Sur,9271216446,F,FILIPINO,FARMER,FARMING,Maria Reyes,,
88-18-9862-50130,Kristian,Riley,Grant,,CD120130,License,Street Name130,Barangay Name130,Tacurong,District 130,Sultan Kudarat,Region 130,11/12/1964,San Juan Ilocos Sur,9271261736,M,FILIPINO,FARMER,FARMING,Maria Reason,,
88-18-9862-50131,Alexander,Ryan,Bisyo,,CD120131,License,Street Name131,Barangay Name131,Tagaytay,District 131,Cavite,Region 131,11/16/1981,San Juan Ilocos Sur,9271275216,F,FILIPINO,FARMER,FARMING,Maria Song,,
88-18-9862-50132,Daniel,Holmes,Pili,,CD120132,License,Street Name132,Barangay Name132,Tagbilaran,District 132,Bohol,Region 132,10/10/1987,San Juan Ilocos Sur,9271234805,M,FILIPINO,FARMER,FARMING,Maria Grant,,
88-18-9862-50133,Kelvin,Clark,Watson,,CD120133,License,Street Name133,Barangay Name133,Taguig,District 133,Nueva Vizcaya,Region 133,12/23/1969,San Juan Ilocos Sur,9271264574,F,FILIPINO,FARMER,FARMING,Maria Bisyo,,
88-18-9862-50134,Harold,Johnston,Doug,,CD120134,License,Street Name134,Barangay Name134,Tagum,District 134,Davao del Norte,Region 134,12/19/1996,San Juan Ilocos Sur,9271274010,M,FILIPINO,FARMER,FARMING,Maria Pili,,
88-18-9862-50135,Nicholas,Taylor,Brooks,,CD120135,License,Street Name135,Barangay Name135,Talisay,District 135,Cebu,Region 135,11/13/1981,San Juan Ilocos Sur,9271233271,F,FILIPINO,FARMER,FARMING,Maria Watson,,
88-18-9862-50136,Amber,Smith,Moore,,CD120136,License,Street Name136,Barangay Name136,Dasmari바s,District 136,Tarlac,Region 136,10/11/1991,San Juan Ilocos Sur,9271263263,M,FILIPINO,FARMER,FARMING,Maria Doug,,
88-18-9862-50137,Elian,Anderson,Kelleng,,CD120137,License,Street Name137,Barangay Name137,Davao City,District 137,Davao del Sur,Region 137,12/10/1974,San Juan Ilocos Sur,9271253214,F,FILIPINO,FARMER,FARMING,Maria Brooks,,
88-18-9862-50138,Annabella,Jones,Henderson,,CD120138,License,Street Name138,Barangay Name138,Digos,District 138,Davao del Sur,Region 138,11/26/1966,San Juan Ilocos Sur,9271238555,M,FILIPINO,FARMER,FARMING,Maria Moore,,
88-18-9862-50139,Valeria,Allen,Andrews,,CD120139,License,Street Name139,Barangay Name139,Dipolog,District 139,Davao del Sur,Region 139,12/10/1963,San Juan Ilocos Sur,9271288829,F,FILIPINO,FARMER,FARMING,Maria Kelleng,,
88-18-9862-50140,Albert,Adams,Carter,,CD120140,License,Street Name140,Barangay Name140,Dumaguete,District 140,Negros Oriental,Region 140,10/24/1986,San Juan Ilocos Sur,9271249960,M,FILIPINO,FARMER,FARMING,Maria Henderson,,
88-18-9862-50141,Heather,Campbell,Herrer,,CD120141,License,Street Name141,Barangay Name141,El Salvador,District 141,Misamis Oriental,Region 141,10/26/1974,San Juan Ilocos Sur,9271289035,F,FILIPINO,FARMER,FARMING,Maria Andrews,,
88-18-9862-50142,Brooke,Stevens,Hallow,,CD120142,License,Street Name142,Barangay Name142,Escalante,District 142,Negros Occidental,Region 142,12/22/2000,San Juan Ilocos Sur,9271211389,M,FILIPINO,FARMER,FARMING,Maria Carter,,
88-18-9862-50143,Cherry,Perry,Hamilton,,CD120143,License,Street Name143,Barangay Name143,Gapan,District 143,Nueva Ecija,Region 143,11/23/1987,San Juan Ilocos Sur,9271271767,F,FILIPINO,FARMER,FARMING,Maria Herrer,,
88-18-9862-50144,Dale,Henderson,Warren,,CD120144,License,Street Name144,Barangay Name144,General Santos,District 144,South Cotabato,Region 144,10/18/1991,San Juan Ilocos Sur,9271234137,M,FILIPINO,FARMER,FARMING,Maria Hallow,,
88-18-9862-50145,Aida,Howard,Baning,,CD120145,License,Street Name145,Barangay Name145,General Trias,District 145,Cavite,Region 145,12/24/1960,San Juan Ilocos Sur,9271220579,F,FILIPINO,FARMER,FARMING,Maria Hamilton,,
88-18-9862-50146,Tara,Cooper,Murphy,,CD120146,License,Street Name146,Barangay Name146,Gingoog,District 146,Misamis Oriental,Region 146,11/16/1982,San Juan Ilocos Sur,9271248330,M,FILIPINO,FARMER,FARMING,Maria Warren,,
88-18-9862-50147,Arianna,Wright,Angelo,,CD120147,License,Street Name147,Barangay Name147,Guihulngan,District 147,Negros Oriental,Region 147,11/16/1994,San Juan Ilocos Sur,9271286841,F,FILIPINO,FARMER,FARMING,Maria Baning,,
88-18-9862-50148,Evelyn,Edwards,Wright,,CD120148,License,Street Name148,Barangay Name148,Himamaylan,District 148,Negros Occidental,Region 148,11/13/1999,San Juan Ilocos Sur,9271243921,M,FILIPINO,FARMER,FARMING,Maria Murphy,,
88-18-9862-50149,Oliver,Hunt,Stewart,,CD120149,License,Street Name149,Barangay Name149,Ilagan,District 149,Isabela,Region 149,10/25/1987,San Juan Ilocos Sur,9271233781,F,FILIPINO,FARMER,FARMING,Maria Angelo,,
88-18-9862-50150,Harold,Ferguson,Thomas,,CD120150,License,Street Name150,Barangay Name150,Iligan,District 150,Lanao del Norte,Region 150,10/21/1978,San Juan Ilocos Sur,9271270969,M,FILIPINO,FARMER,FARMING,Maria Wright,,
88-18-9862-50151,Heather,Davis,Tingga,,CD120151,License,Street Name151,Barangay Name151,Iloilo City,District 151,Iloilo,Region 151,11/18/1998,San Juan Ilocos Sur,9271214776,F,FILIPINO,FARMER,FARMING,Maria Stewart,,
88-18-9862-50152,Anna,West,Chap,,CD120152,License,Street Name152,Barangay Name152,Imus,District 152,Tarlac,Region 152,11/16/1998,San Juan Ilocos Sur,9271238227,M,FILIPINO,FARMER,FARMING,Maria Thomas,,
88-18-9862-50153,Alisa,Stevens,Gusion,,CD120153,License,Street Name153,Barangay Name153,Iriga,District 153,Camarines Sur,Region 153,12/11/1961,San Juan Ilocos Sur,9271299795,F,FILIPINO,FARMER,FARMING,Maria Tingga,,
88-18-9862-50154,Lilianna,Foster,Hanap,,CD120154,License,Street Name154,Barangay Name154,Isabela,District 154,Basilan,Region 154,10/15/1995,San Juan Ilocos Sur,9271285055,M,FILIPINO,FARMER,FARMING,Maria Chap,,
88-18-9862-50155,Jenna,Andrews,Ginto,,CD120155,License,Street Name155,Barangay Name155,Kabankalan,District 155,Negros Occidental,Region 155,11/23/1966,San Juan Ilocos Sur,9271256686,F,FILIPINO,FARMER,FARMING,Maria Gusion,,
88-18-9862-50156,Valeria,Turner,Scott,,CD120156,License,Street Name156,Barangay Name156,Kidapawan,District 156,Cotabato,Region 156,12/27/1994,San Juan Ilocos Sur,9271231036,M,FILIPINO,FARMER,FARMING,Maria Hanap,,
88-18-9862-50157,Stuart,Walker,Ganapan,,CD120157,License,Street Name157,Barangay Name157,Koronadal,District 157,South Cotabato,Region 157,12/24/1965,San Juan Ilocos Sur,9271217387,F,FILIPINO,FARMER,FARMING,Maria Ginto,,
88-18-9862-50158,Ryan,Harrison,Tucker,,CD120158,License,Street Name158,Barangay Name158,La Carlota,District 158,Negros Occidental,Region 158,10/17/1960,San Juan Ilocos Sur,9271263927,M,FILIPINO,FARMER,FARMING,Maria Scott,,
88-18-9862-50159,Kirsten,Crawford,Ferguson,,CD120159,License,Street Name159,Barangay Name159,Lamitan,District 159,Basilan,Region 159,10/24/1975,San Juan Ilocos Sur,9271266887,F,FILIPINO,FARMER,FARMING,Maria Ganapan,,
88-18-9862-50160,Alexia,Perkins,Myers,,CD120160,License,Street Name160,Barangay Name160,Laoag,District 160,Ilocos Norte,Region 160,11/26/1969,San Juan Ilocos Sur,9271216581,M,FILIPINO,FARMER,FARMING,Maria Tucker,,
88-18-9862-50161,Mike,Howard,Taylor,,CD120161,License,Street Name161,Barangay Name161,Lapu-Lapu City,District 161,Cebu,Region 161,11/14/1968,San Juan Ilocos Sur,9271216119,F,FILIPINO,FARMER,FARMING,Maria Ferguson,,
88-18-9862-50162,Cadie,Smith,Morgan,,CD120162,License,Street Name162,Barangay Name162,Las Pi바s,District 162,Nueva Vizcaya,Region 162,10/18/1992,San Juan Ilocos Sur,9271288856,M,FILIPINO,FARMER,FARMING,Maria Myers,,
88-18-9862-50163,Daryl,Wright,Spencer,,CD120163,License,Street Name163,Barangay Name163,Legazpi,District 163,Albay,Region 163,10/30/1977,San Juan Ilocos Sur,9271290144,F,FILIPINO,FARMER,FARMING,Maria Taylor,,
88-18-9862-50164,Kelsey,Cole,Watson,,CD120164,License,Street Name164,Barangay Name164,Ligao,District 164,Albay,Region 164,11/18/1962,San Juan Ilocos Sur,9271292070,M,FILIPINO,FARMER,FARMING,Maria Morgan,,
88-18-9862-50165,Melanie,Clark,Anderson,,CD120165,License,Street Name165,Barangay Name165,Lipa,District 165,Batangas,Region 165,11/30/1999,San Juan Ilocos Sur,9271231875,F,FILIPINO,FARMER,FARMING,Maria Spencer,,
88-18-9862-50166,Miller,Hunt,Nelson,,CD120166,License,Street Name166,Barangay Name166,Lucena,District 166,Quezon,Region 166,12/12/1968,San Juan Ilocos Sur,9271283091,M,FILIPINO,FARMER,FARMING,Maria Watson,,
88-18-9862-50167,Paul,Cunningham,Armstrong,,CD120167,License,Street Name167,Barangay Name167,Maasin,District 167,Southern Leyte,Region 167,11/23/1965,San Juan Ilocos Sur,9271239357,F,FILIPINO,FARMER,FARMING,Maria Anderson,,
88-18-9862-50168,Lenny,Grant,Marison,,CD120168,License,Street Name168,Barangay Name168,Mabalacat,District 168,Pampanga,Region 168,10/23/1977,San Juan Ilocos Sur,9271250761,M,FILIPINO,FARMER,FARMING,Maria Nelson,,
88-18-9862-50169,Harold,Spencer,Carrolino,,CD120169,License,Street Name169,Barangay Name169,Makati,District 169,Occidental Mindoro,Region 169,11/13/1997,San Juan Ilocos Sur,9271230020,F,FILIPINO,FARMER,FARMING,Maria Armstrong,,
88-18-9862-50170,Fiona,West,Brown,,CD120170,License,Street Name170,Barangay Name170,Malabon,District 170,Occidental Mindoro,Region 170,12/19/1999,San Juan Ilocos Sur,9271269554,M,FILIPINO,FARMER,FARMING,Maria Marison,,
88-18-9862-50171,Alfred,Casey,Parker,,CD120171,License,Street Name171,Barangay Name171,Malaybalay,District 171,Bukidnon,Region 171,12/24/1980,San Juan Ilocos Sur,9271286586,F,FILIPINO,FARMER,FARMING,Maria Carrolino,,
88-18-9862-50172,Valeria,Edwards,Holmes,,CD120172,License,Street Name172,Barangay Name172,Malolos,District 172,Bulacan,Region 172,12/23/1991,San Juan Ilocos Sur,9271260034,M,FILIPINO,FARMER,FARMING,Maria Brown,,
88-18-9862-50173,Andrew,Davis,Payne,,CD120173,License,Street Name173,Barangay Name173,Mandaluyong,District 173,Occidental Mindoro,Region 173,10/15/1974,San Juan Ilocos Sur,9271285386,F,FILIPINO,FARMER,FARMING,Maria Parker,,
88-18-9862-50174,Maddie,Sullivan,Wells,,CD120174,License,Street Name174,Barangay Name174,Mandaue,District 174,Cebu,Region 174,10/10/1998,San Juan Ilocos Sur,9271269816,M,FILIPINO,FARMER,FARMING,Maria Holmes,,
88-18-9862-50175,Mike,Anderson,Gibbs,,CD120175,License,Street Name175,Barangay Name175,Manila,District 175,Tarlac,Region 175,10/25/1996,San Juan Ilocos Sur,9271273047,F,FILIPINO,FARMER,FARMING,Maria Payne,,
88-18-9862-50176,Antony,Holmes,Russell,,CD120176,License,Street Name176,Barangay Name176,Marawi,District 176,Zamboanga Sibugay,Region 176,11/20/1984,San Juan Ilocos Sur,9271291515,M,FILIPINO,FARMER,FARMING,Maria Wells,,
88-18-9862-50177,Kevin,Thomas,Macaraeg,,CD120177,License,Street Name177,Barangay Name177,Marikina,District 177,Zamboanga Sibugay,Region 177,11/21/1986,San Juan Ilocos Sur,9271247595,F,FILIPINO,FARMER,FARMING,Maria Gibbs,,
88-18-9862-50178,Lucas,Riley,Moore,,CD120178,License,Street Name178,Barangay Name178,Masbate City,District 178,Masbate,Region 178,12/28/1991,San Juan Ilocos Sur,9271277715,M,FILIPINO,FARMER,FARMING,Maria Russell,,
88-18-9862-50179,Charlotte,Riley,Murphy,,CD120179,License,Street Name179,Barangay Name179,Mati,District 179,Davao Oriental,Region 179,11/27/1964,San Juan Ilocos Sur,9271216976,F,FILIPINO,FARMER,FARMING,Maria Macaraeg,,
88-18-9862-50180,Vanessa,Moore,Tucker,,CD120180,License,Street Name180,Barangay Name180,Meycauayan,District 180,Bulacan,Region 180,12/20/1983,San Juan Ilocos Sur,9271256880,M,FILIPINO,FARMER,FARMING,Maria Moore,,
88-18-9862-50181,Ashton,Thompson,Lloyd,,CD120181,License,Street Name181,Barangay Name181,Mu밢z,District 181,Nueva Ecija,Region 181,12/16/1981,San Juan Ilocos Sur,9271241128,F,FILIPINO,FARMER,FARMING,Maria Murphy,,
88-18-9862-50182,Lydia,Ellis,Davis,,CD120182,License,Street Name182,Barangay Name182,Muntinlupa,District 182,Occidental Mindoro,Region 182,11/27/1977,San Juan Ilocos Sur,9271251190,M,FILIPINO,FARMER,FARMING,Maria Tucker,,
88-18-9862-50183,Alan,Spencer,Morrison,,CD120183,License,Street Name183,Barangay Name183,Naga,District 183,Camarines Sur,Region 183,12/22/1988,San Juan Ilocos Sur,9271273355,F,FILIPINO,FARMER,FARMING,Maria Lloyd,,
88-18-9862-50184,Kevin,Mason,Craig,,CD120184,License,Street Name184,Barangay Name184,Naga,District 184,Cebu,Region 184,10/19/1991,San Juan Ilocos Sur,9271271509,M,FILIPINO,FARMER,FARMING,Maria Davis,,
88-18-9862-50185,Vivian,Richardson,Thompson,,CD120185,License,Street Name185,Barangay Name185,Navotas,District 185,Occidental Mindoro,Region 185,10/24/1976,San Juan Ilocos Sur,9271286397,F,FILIPINO,FARMER,FARMING,Maria Morrison,,
88-18-9862-50186,Rebecca,Stevens,Barrett,,CD120186,License,Street Name186,Barangay Name186,Olongapo,District 186,North Cotabato,Region 186,11/27/1969,San Juan Ilocos Sur,9271218854,M,FILIPINO,FARMER,FARMING,Maria Craig,,
88-18-9862-50187,John,Tucker,Allen,,CD120187,License,Street Name187,Barangay Name187,Ormoc,District 187,Leyte,Region 187,11/17/1969,San Juan Ilocos Sur,9271271128,F,FILIPINO,FARMER,FARMING,Maria Thompson,,
88-18-9862-50188,Daniel,Cooper,Barnes,,CD120188,License,Street Name188,Barangay Name188,Oroquieta,District 188,Misamis Occidental,Region 188,12/19/1982,San Juan Ilocos Sur,9271286306,M,FILIPINO,FARMER,FARMING,Maria Barrett,,
88-18-9862-50189,Sofia,Owens,Alexandres,,CD120189,License,Street Name189,Barangay Name189,Ozamiz,District 189,Misamis Occidental,Region 189,11/27/1978,San Juan Ilocos Sur,9271297354,F,FILIPINO,FARMER,FARMING,Maria Allen,,
88-18-9862-50190,Preston,Reed,Owens,,CD120190,License,Street Name190,Barangay Name190,Pagadian,District 190,Misamis Occidental,Region 190,10/30/1974,San Juan Ilocos Sur,9271255898,M,FILIPINO,FARMER,FARMING,Maria Barnes,,
88-18-9862-50191,Kelsey,Rogers,Gray,,CD120191,License,Street Name191,Barangay Name191,Palayan,District 191,Nueva Ecija,Region 191,10/15/1967,San Juan Ilocos Sur,9271296643,F,FILIPINO,FARMER,FARMING,Maria Alexandres,,
88-18-9862-50192,Sam,Andrews,Magano,,CD120192,License,Street Name192,Barangay Name192,Panabo,District 192,Davao del Norte,Region 192,10/11/1975,San Juan Ilocos Sur,9271260233,M,FILIPINO,FARMER,FARMING,Maria Owens,,
88-18-9862-50193,Maximilian,Montgomery,Richardson,,CD120193,License,Street Name193,Barangay Name193,Para바que,District 193,Occidental Mindoro,Region 193,10/24/2000,San Juan Ilocos Sur,9271229251,F,FILIPINO,FARMER,FARMING,Maria Gray,,
88-18-9862-50194,Savana,Tucker,Baron,,CD120194,License,Street Name194,Barangay Name194,Pasay,District 194,Occidental Mindoro,Region 194,11/20/1971,San Juan Ilocos Sur,9271289743,M,FILIPINO,FARMER,FARMING,Maria Magano,,
88-18-9862-50195,Jared,Robinson,Morrison,,CD120195,License,Street Name195,Barangay Name195,Pasig,District 195,Tarlac,Region 195,11/27/1992,San Juan Ilocos Sur,9271257456,F,FILIPINO,FARMER,FARMING,Maria Richardson,,
88-18-9862-50196,Daisy,Dixon,Joneng,,CD120196,License,Street Name196,Barangay Name196,Passi,District 196,Iloilo,Region 196,12/28/1984,San Juan Ilocos Sur,9271210341,M,FILIPINO,FARMER,FARMING,Maria Baron,,
88-18-9862-50197,Preston,Hamilton,Elliott,,CD120197,License,Street Name197,Barangay Name197,Puerto Princesa,District 197,Palawan,Region 197,11/13/1966,San Juan Ilocos Sur,9271253177,F,FILIPINO,FARMER,FARMING,Maria Morrison,,
88-18-9862-50198,Sofia,Johnston,Halaga,,CD120198,License,Street Name198,Barangay Name198,Quezon City,District 198,Tarlac,Region 198,12/29/1978,San Juan Ilocos Sur,9271233496,M,FILIPINO,FARMER,FARMING,Maria Joneng,,
88-18-9862-50199,Julian,Allen,Richards,,CD120199,License,Street Name199,Barangay Name199,Roxas,District 199,Tarlac,Region 199,11/10/1976,San Juan Ilocos Sur,9271244960,F,FILIPINO,FARMER,FARMING,Maria Elliott,,
88-18-9862-50200,Kelsey,Murray,Kelly,,CD120200,License,Street Name200,Barangay Name200,Sagay,District 200,Negros Occidental,Region 200,12/29/1960,San Juan Ilocos Sur,9271226448,M,FILIPINO,FARMER,FARMING,Maria Halaga,,
88-18-9862-50201,Aston,Carter,Obes,,CD120201,License,Street Name201,Barangay Name201,Samal,District 201,Tarlac,Region 201,12/14/1984,San Juan Ilocos Sur,9271285749,F,FILIPINO,FARMER,FARMING,Maria Richards,,
88-18-9862-50202,Samantha,Morgan,Myers,,CD120202,License,Street Name202,Barangay Name202,San Carlos,District 202,Negros Occidental,Region 202,10/24/1971,San Juan Ilocos Sur,9271236952,M,FILIPINO,FARMER,FARMING,Maria Kelly,,
88-18-9862-50203,Justin,Harper,Scott,,CD120203,License,Street Name203,Barangay Name203,San Carlos,District 203,Pangasinan,Region 203,10/14/1982,San Juan Ilocos Sur,9271275648,F,FILIPINO,FARMER,FARMING,Maria Obes,,
88-18-9862-50204,Roman,Hawkins,Edwards,,CD120204,License,Street Name204,Barangay Name204,San Fernando,District 204,La Union,Region 204,11/10/1971,San Juan Ilocos Sur,9271242100,M,FILIPINO,FARMER,FARMING,Maria Myers,,
88-18-9862-50205,Amanda,Harper,Thomas,,CD120205,License,Street Name205,Barangay Name205,San Fernando,District 205,Pampanga,Region 205,11/18/1974,San Juan Ilocos Sur,9271261988,F,FILIPINO,FARMER,FARMING,Maria Scott,,
88-18-9862-50206,Eric,Taylor,Moore,,CD120206,License,Street Name206,Barangay Name206,San Jose,District 206,Nueva Ecija,Region 206,10/29/1985,San Juan Ilocos Sur,9271216220,M,FILIPINO,FARMER,FARMING,Maria Edwards,,
88-18-9862-50207,Adele,Ferguson,Barrett,,CD120207,License,Street Name207,Barangay Name207,San Jose del Monte,District 207,Bulacan,Region 207,11/11/1992,San Juan Ilocos Sur,9271268887,F,FILIPINO,FARMER,FARMING,Maria Thomas,,
88-18-9862-50208,Kevin,Howard,Ken,,CD120208,License,Street Name208,Barangay Name208,San Juan,District 208,Occidental Mindoro,Region 208,10/20/1976,San Juan Ilocos Sur,9271272799,M,FILIPINO,FARMER,FARMING,Maria Moore,,
88-18-9862-50209,Jenna,Hamilton,Massanto,,CD120209,License,Street Name209,Barangay Name209,San Pablo,District 209,Laguna,Region 209,10/10/1986,San Juan Ilocos Sur,9271236905,F,FILIPINO,FARMER,FARMING,Maria Barrett,,
88-18-9862-50210,Valeria,Thompson,Morgan,,CD120210,License,Street Name210,Barangay Name210,San Pedro,District 210,Laguna,Region 210,11/24/1974,San Juan Ilocos Sur,9271297504,M,FILIPINO,FARMER,FARMING,Maria Ken,,
88-18-9862-50211,Ellia,Morris,Casey,,CD120211,License,Street Name211,Barangay Name211,Santa Rosa,District 211,Laguna,Region 211,10/23/1981,San Juan Ilocos Sur,9271279331,F,FILIPINO,FARMER,FARMING,Maria Massanto,,
88-18-9862-50212,Jordan,Cooper,Maginhawa,,CD120212,License,Street Name212,Barangay Name212,Santo Tomas,District 212,Batangas,Region 212,10/25/1965,San Juan Ilocos Sur,9271228768,M,FILIPINO,FARMER,FARMING,Maria Morgan,,
88-18-9862-50213,Michelle,Cooper,Williams,,CD120213,License,Street Name213,Barangay Name213,Santiago,District 213,Isabela,Region 213,10/28/1996,San Juan Ilocos Sur,9271286099,F,FILIPINO,FARMER,FARMING,Maria Casey,,
88-18-9862-50214,Byron,Anderson,Pagtakhan,,CD120214,License,Street Name214,Barangay Name214,Silay,District 214,Negros Occidental,Region 214,10/17/1961,San Juan Ilocos Sur,9271232992,M,FILIPINO,FARMER,FARMING,Maria Maginhawa,,
88-18-9862-50215,Michael,Turner,Bulakan,,CD120215,License,Street Name215,Barangay Name215,Sipalay,District 215,Negros Occidental,Region 215,12/13/1977,San Juan Ilocos Sur,9271246137,F,FILIPINO,FARMER,FARMING,Maria Williams,,
88-18-9862-50216,Henry,Parker,Rolinga,,CD120216,License,Street Name216,Barangay Name216,Sorsogon City,District 216,Sorsogon,Region 216,12/29/1991,San Juan Ilocos Sur,9271264976,M,FILIPINO,FARMER,FARMING,Maria Pagtakhan,,
88-18-9862-50217,Penelope,Alexander,West,,CD120217,License,Street Name217,Barangay Name217,Surigao City,District 217,Surigao del Norte,Region 217,12/11/1976,San Juan Ilocos Sur,9271219207,F,FILIPINO,FARMER,FARMING,Maria Bulakan,,
88-18-9862-50218,Andrew,Martin,Carter,,CD120218,License,Street Name218,Barangay Name218,Tabaco,District 218,Albay,Region 218,12/20/1999,San Juan Ilocos Sur,9271220019,M,FILIPINO,FARMER,FARMING,Maria Rolinga,,
88-18-9862-50219,Roland,Chapman,Banga,,CD120219,License,Street Name219,Barangay Name219,Tabuk,District 219,Tarlac,Region 219,10/21/1967,San Juan Ilocos Sur,9271267558,F,FILIPINO,FARMER,FARMING,Maria West,,
88-18-9862-50220,Jared,Hunt,Russell,,CD120220,License,Street Name220,Barangay Name220,Tacloban,District 220,Leyte,Region 220,11/30/1960,San Juan Ilocos Sur,9271211658,M,FILIPINO,FARMER,FARMING,Maria Carter,,
88-18-9862-50221,James,Cunningham,Roberts,,CD120221,License,Street Name221,Barangay Name221,Tacurong,District 221,Sultan Kudarat,Region 221,12/30/1987,San Juan Ilocos Sur,9271243229,F,FILIPINO,FARMER,FARMING,Maria Banga,,
88-18-9862-50222,Oscar,Smith,Clarkson,,CD120222,License,Street Name222,Barangay Name222,Tagaytay,District 222,Cavite,Region 222,10/21/1973,San Juan Ilocos Sur,9271249352,M,FILIPINO,FARMER,FARMING,Maria Russell,,
88-18-9862-50223,Byron,Wilson,Hall,,CD120223,License,Street Name223,Barangay Name223,Tagbilaran,District 223,Bohol,Region 223,12/20/1976,San Juan Ilocos Sur,9271266782,F,FILIPINO,FARMER,FARMING,Maria Roberts,,
88-18-9862-50224,Lenny,Jones,Turner,,CD120224,License,Street Name224,Barangay Name224,Taguig,District 224,Occidental Mindoro,Region 224,12/13/1963,San Juan Ilocos Sur,9271222461,M,FILIPINO,FARMER,FARMING,Maria Clarkson,,
88-18-9862-50225,Sophia,Carroll,Kalang,,CD120225,License,Street Name225,Barangay Name225,Tagum,District 225,Davao del Norte,Region 225,11/13/1982,San Juan Ilocos Sur,9271221763,F,FILIPINO,FARMER,FARMING,Maria Hall,,
88-18-9862-50226,Haris,Parker,Cameron,,CD120226,License,Street Name226,Barangay Name226,Talisay,District 226,Cebu,Region 226,10/11/1991,San Juan Ilocos Sur,9271266440,M,FILIPINO,FARMER,FARMING,Maria Turner,,
88-18-9862-50227,Ned,West,Scott,,CD120227,License,Street Name227,Barangay Name227,Dasmari바s,District 227,Cavite,Region 227,10/14/1960,San Juan Ilocos Sur,9271238868,F,FILIPINO,FARMER,FARMING,Maria Kalang,,
88-18-9862-50228,Roland,Moore,Payne,,CD120228,License,Street Name228,Barangay Name228,Davao City,District 228,Tarlac,Region 228,11/19/1999,San Juan Ilocos Sur,9271296782,M,FILIPINO,FARMER,FARMING,Maria Cameron,,
88-18-9862-50229,Martin,Payne,Ross,,CD120229,License,Street Name229,Barangay Name229,Digos,District 229,Tarlac,Region 229,12/14/1970,San Juan Ilocos Sur,9271287546,F,FILIPINO,FARMER,FARMING,Maria Scott,,
88-18-9862-50230,Olivia,Howard,Turner,,CD120230,License,Street Name230,Barangay Name230,Dipolog,District 230,Davao del Sur,Region 230,11/10/1996,San Juan Ilocos Sur,9271233558,M,FILIPINO,FARMER,FARMING,Maria Payne,,
88-18-9862-50231,Emily,Morrison,Harrison,,CD120231,License,Street Name231,Barangay Name231,Dumaguete,District 231,Negros Oriental,Region 231,11/16/1977,San Juan Ilocos Sur,9271288278,F,FILIPINO,FARMER,FARMING,Maria Ross,,
88-18-9862-50232,Charlie,Ferguson,Santos,,CD120232,License,Street Name232,Barangay Name232,El Salvador,District 232,Misamis Oriental,Region 232,12/25/1966,San Juan Ilocos Sur,9271220817,M,FILIPINO,FARMER,FARMING,Maria Turner,,
88-18-9862-50233,Vincent,Thompson,Sullivan,,CD120233,License,Street Name233,Barangay Name233,Escalante,District 233,Tarlac,Region 233,10/10/1984,San Juan Ilocos Sur,9271269842,F,FILIPINO,FARMER,FARMING,Maria Harrison,,
88-18-9862-50234,Thomas,Cunningham,Aldaves,,CD120234,License,Street Name234,Barangay Name234,Gapan,District 234,Tarlac,Region 234,11/23/1994,San Juan Ilocos Sur,9271272356,M,FILIPINO,FARMER,FARMING,Maria Santos,,
88-18-9862-50235,Sydney,Carter,Warren,,CD120235,License,Street Name235,Barangay Name235,General Santos,District 235,Tarlac,Region 235,12/26/1997,San Juan Ilocos Sur,9271242726,F,FILIPINO,FARMER,FARMING,Maria Sullivan,,
88-18-9862-50236,Lucas,Hunt,Maitim,,CD120236,License,Street Name236,Barangay Name236,General Trias,District 236,Tarlac,Region 236,10/10/1995,San Juan Ilocos Sur,9271298847,M,FILIPINO,FARMER,FARMING,Maria Aldaves,,
88-18-9862-50237,Amy,Cooper,Hawkins,,CD120237,License,Street Name237,Barangay Name237,Gingoog,District 237,Misamis Oriental,Region 237,11/12/1980,San Juan Ilocos Sur,9271281612,F,FILIPINO,FARMER,FARMING,Maria Warren,,
88-18-9862-50238,James,Harper,Kalinga,,CD120238,License,Street Name238,Barangay Name238,Guihulngan,District 238,Negros Oriental,Region 238,10/19/1973,San Juan Ilocos Sur,9271283410,M,FILIPINO,FARMER,FARMING,Maria Maitim,,
88-18-9862-50239,Amelia,Payne,Riley,,CD120239,License,Street Name239,Barangay Name239,Himamaylan,District 239,Negros Occidental,Region 239,11/20/1991,San Juan Ilocos Sur,9271223318,F,FILIPINO,FARMER,FARMING,Maria Hawkins,,
88-18-9862-50240,Edith,Brooks,Maputi,,CD120240,License,Street Name240,Barangay Name240,Ilagan,District 240,Isabela,Region 240,10/29/1983,San Juan Ilocos Sur,9271234823,M,FILIPINO,FARMER,FARMING,Maria Kalinga,,
88-18-9862-50241,Brooke,Harper,Montgomery,,CD120241,License,Street Name241,Barangay Name241,Iligan,District 241,Lanao del Norte,Region 241,12/26/1978,San Juan Ilocos Sur,9271210009,F,FILIPINO,FARMER,FARMING,Maria Riley,,
88-18-9862-50242,Wilson,Miller,Rison,,CD120242,License,Street Name242,Barangay Name242,Iloilo City,District 242,Tarlac,Region 242,12/23/1995,San Juan Ilocos Sur,9271298885,M,FILIPINO,FARMER,FARMING,Maria Maputi,,
88-18-9862-50243,James,Phillips,Walker,,CD120243,License,Street Name243,Barangay Name243,Imus,District 243,Cavite,Region 243,10/23/1996,San Juan Ilocos Sur,9271295755,F,FILIPINO,FARMER,FARMING,Maria Montgomery,,
88-18-9862-50244,Joyce,Hill,Henderson,,CD120244,License,Street Name244,Barangay Name244,Iriga,District 244,Camarines Sur,Region 244,12/28/1988,San Juan Ilocos Sur,9271249811,M,FILIPINO,FARMER,FARMING,Maria Rison,,
88-18-9862-50245,George,Phillips,Stewart,,CD120245,License,Street Name245,Barangay Name245,Isabela,District 245,Tarlac,Region 245,10/13/1999,San Juan Ilocos Sur,9271260230,F,FILIPINO,FARMER,FARMING,Maria Walker,,
88-18-9862-50246,Elise,Moore,Mindanao,,CD120246,License,Street Name246,Barangay Name246,Kabankalan,District 246,Negros Occidental,Region 246,11/21/1968,San Juan Ilocos Sur,9271265525,M,FILIPINO,FARMER,FARMING,Maria Henderson,,
88-18-9862-50247,Owen,Carter,Ang,,CD120247,License,Street Name247,Barangay Name247,Kidapawan,District 247,Cotabato,Region 247,11/19/1986,San Juan Ilocos Sur,9271275233,F,FILIPINO,FARMER,FARMING,Maria Stewart,,
88-18-9862-50248,Edward,Andrews,Richardson,,CD120248,License,Street Name248,Barangay Name248,Koronadal,District 248,South Cotabato,Region 248,12/26/1974,San Juan Ilocos Sur,9271238461,M,FILIPINO,FARMER,FARMING,Maria Mindanao,,
88-18-9862-50249,Lucy,Wright,Tablea,,CD120249,License,Street Name249,Barangay Name249,La Carlota,District 249,Negros Occidental,Region 249,10/10/1993,San Juan Ilocos Sur,9271222921,F,FILIPINO,FARMER,FARMING,Maria Ang,,
88-18-9862-50250,Audrey,Morris,Sibay,,CD120250,License,Street Name250,Barangay Name250,Lamitan,District 250,Basilan,Region 250,12/18/1988,San Juan Ilocos Sur,9271265008,M,FILIPINO,FARMER,FARMING,Maria Richardson,,
88-18-9862-50251,Oliver,Reed,Summer,,CD120251,License,Street Name251,Barangay Name251,Laoag,District 251,Ilocos Norte,Region 251,12/21/1970,San Juan Ilocos Sur,9271249232,F,FILIPINO,FARMER,FARMING,Maria Tablea,,
88-18-9862-50252,Charlie,West,Baes,,CD120252,License,Street Name252,Barangay Name252,Lapu-Lapu City,District 252,Cebu,Region 252,11/13/1963,San Juan Ilocos Sur,9271224359,M,FILIPINO,FARMER,FARMING,Maria Sibay,,
88-18-9862-50253,Amanda,Harrison,Jones,,CD120253,License,Street Name253,Barangay Name253,Las Pi바s,District 253,Occidental Mindoro,Region 253,10/22/1995,San Juan Ilocos Sur,9271280497,F,FILIPINO,FARMER,FARMING,Maria Summer,,
88-18-9862-50254,Kirsten,Harper,Smith,,CD120254,License,Street Name254,Barangay Name254,Legazpi,District 254,Albay,Region 254,10/24/1980,San Juan Ilocos Sur,9271251303,M,FILIPINO,FARMER,FARMING,Maria Baes,,
88-18-9862-50255,William,Walker,Edwardo,,CD120255,License,Street Name255,Barangay Name255,Ligao,District 255,Albay,Region 255,10/21/1965,San Juan Ilocos Sur,9271268558,F,FILIPINO,FARMER,FARMING,Maria Jones,,
88-18-9862-50256,Daryl,Gray,Richards,,CD120256,License,Street Name256,Barangay Name256,Lipa,District 256,Batangas,Region 256,11/17/1973,San Juan Ilocos Sur,9271295271,M,FILIPINO,FARMER,FARMING,Maria Smith,,
88-18-9862-50257,Isabella,Riley,Harper,,CD120257,License,Street Name257,Barangay Name257,Lucena,District 257,Quezon,Region 257,10/13/1982,San Juan Ilocos Sur,9271242207,F,FILIPINO,FARMER,FARMING,Maria Edwardo,,
88-18-9862-50258,Kristian,Bailey,Miller,,CD120258,License,Street Name258,Barangay Name258,Maasin,District 258,Southern Leyte,Region 258,10/20/1972,San Juan Ilocos Sur,9271226546,M,FILIPINO,FARMER,FARMING,Maria Richards,,
88-18-9862-50259,Sydney,Hamilton,Browns,,CD120259,License,Street Name259,Barangay Name259,Mabalacat,District 259,Pampanga,Region 259,12/26/1970,San Juan Ilocos Sur,9271238030,F,FILIPINO,FARMER,FARMING,Maria Harper,,
88-18-9862-50260,Connie,Ellis,Wells,,CD120260,License,Street Name260,Barangay Name260,Makati,District 260,Occidental Mindoro,Region 260,10/23/1981,San Juan Ilocos Sur,9271229547,M,FILIPINO,FARMER,FARMING,Maria Miller,,
88-18-9862-50261,Sienna,Hill,Hamilton,,CD120261,License,Street Name261,Barangay Name261,Malabon,District 261,Pampanga,Region 261,12/27/1990,San Juan Ilocos Sur,9271285769,F,FILIPINO,FARMER,FARMING,Maria Browns,,
88-18-9862-50262,Myra,Watson,Wilson,,CD120262,License,Street Name262,Barangay Name262,Malaybalay,District 262,Tarlac,Region 262,12/10/1960,San Juan Ilocos Sur,9271248183,M,FILIPINO,FARMER,FARMING,Maria Wells,,
88-18-9862-50263,Melissa,Alexander,Manoais,,CD120263,License,Street Name263,Barangay Name263,Malolos,District 263,Bulacan,Region 263,10/14/1990,San Juan Ilocos Sur,9271251496,F,FILIPINO,FARMER,FARMING,Maria Hamilton,,
88-18-9862-50264,Eric,Elliott,Tibayan,,CD120264,License,Street Name264,Barangay Name264,Mandaluyong,District 264,Pampanga,Region 264,10/11/1968,San Juan Ilocos Sur,9271233603,M,FILIPINO,FARMER,FARMING,Maria Wilson,,
88-18-9862-50265,Olivia,Holmes,Granger,,CD120265,License,Street Name265,Barangay Name265,Mandaue,District 265,Cebu,Region 265,12/17/1999,San Juan Ilocos Sur,9271253278,F,FILIPINO,FARMER,FARMING,Maria Manoais,,
88-18-9862-50266,Julia,Richardson,Martin,,CD120266,License,Street Name266,Barangay Name266,Manila,District 266,Tarlac,Region 266,12/22/1962,San Juan Ilocos Sur,9271271948,M,FILIPINO,FARMER,FARMING,Maria Tibayan,,
88-18-9862-50267,David,Henderson,Scott,,CD120267,License,Street Name267,Barangay Name267,Marawi,District 267,Tarlac,Region 267,12/10/1961,San Juan Ilocos Sur,9271293893,F,FILIPINO,FARMER,FARMING,Maria Granger,,
88-18-9862-50268,Ryan,Owens,Kalinisan,,CD120268,License,Street Name268,Barangay Name268,Marikina,District 268,Occidental Mindoro,Region 268,12/29/1963,San Juan Ilocos Sur,9271228452,M,FILIPINO,FARMER,FARMING,Maria Martin,,
88-18-9862-50269,Clark,Higgins,Kalis,,CD120269,License,Street Name269,Barangay Name269,Masbate City,District 269,Masbate,Region 269,10/26/1977,San Juan Ilocos Sur,9271211340,F,FILIPINO,FARMER,FARMING,Maria Scott,,
88-18-9862-50270,Lenny,Hill,Johnston,,CD120270,License,Street Name270,Barangay Name270,Mati,District 270,Davao Oriental,Region 270,12/19/1986,San Juan Ilocos Sur,9271275401,M,FILIPINO,FARMER,FARMING,Maria Kalinisan,,
88-18-9862-50271,Edward,Morgan,Murphy,,CD120271,License,Street Name271,Barangay Name271,Meycauayan,District 271,Bulacan,Region 271,12/14/1997,San Juan Ilocos Sur,9271242956,F,FILIPINO,FARMER,FARMING,Maria Kalis,,
88-18-9862-50272,Antony,Morrison,Anderson,,CD120272,License,Street Name272,Barangay Name272,Mu밢z,District 272,Nueva Ecija,Region 272,11/13/1977,San Juan Ilocos Sur,9271288128,M,FILIPINO,FARMER,FARMING,Maria Johnston,,
88-18-9862-50273,Justin,Warren,Alonso,,CD120273,License,Street Name273,Barangay Name273,Muntinlupa,District 273,Occidental Mindoro,Region 273,11/12/1987,San Juan Ilocos Sur,9271271363,F,FILIPINO,FARMER,FARMING,Maria Murphy,,
88-18-9862-50274,Adison,Brown,Allen,,CD120274,License,Street Name274,Barangay Name274,Naga,District 274,Camarines Sur,Region 274,10/17/1961,San Juan Ilocos Sur,9271210102,M,FILIPINO,FARMER,FARMING,Maria Anderson,,
88-18-9862-50275,Heather,Riley,Somer,,CD120275,License,Street Name275,Barangay Name275,Naga,District 275,Cebu,Region 275,11/14/1982,San Juan Ilocos Sur,9271298277,F,FILIPINO,FARMER,FARMING,Maria Alonso,,
88-18-9862-50276,Abraham,Lloyd,Bista,,CD120276,License,Street Name276,Barangay Name276,Navotas,District 276,Occidental Mindoro,Region 276,10/28/1969,San Juan Ilocos Sur,9271252037,M,FILIPINO,FARMER,FARMING,Maria Allen,,
88-18-9862-50277,Savana,Ellis,Miguel,,CD120277,License,Street Name277,Barangay Name277,Olongapo,District 277,Zambales,Region 277,10/19/1985,San Juan Ilocos Sur,9271283566,F,FILIPINO,FARMER,FARMING,Maria Somer,,
88-18-9862-50278,Albert,Grant,Bernado,,CD120278,License,Street Name278,Barangay Name278,Ormoc,District 278,Leyte,Region 278,10/25/1978,San Juan Ilocos Sur,9271299714,M,FILIPINO,FARMER,FARMING,Maria Bista,,
88-18-9862-50279,Vivian,Smith,Sullivan,,CD120279,License,Street Name279,Barangay Name279,Oroquieta,District 279,Misamis Occidental,Region 279,12/14/1983,San Juan Ilocos Sur,9271257057,F,FILIPINO,FARMER,FARMING,Maria Miguel,,
88-18-9862-50280,Maria,Spencer,Aldo,,CD120280,License,Street Name280,Barangay Name280,Ozamiz,District 280,Misamis Occidental,Region 280,12/29/1973,San Juan Ilocos Sur,9271242339,M,FILIPINO,FARMER,FARMING,Maria Bernado,,
88-18-9862-50281,Carlos,Davis,Wells,,CD120281,License,Street Name281,Barangay Name281,Pagadian,District 281,Misamis Occidental,Region 281,12/24/2000,San Juan Ilocos Sur,9271264628,F,FILIPINO,FARMER,FARMING,Maria Sullivan,,
88-18-9862-50282,Melanie,Holmes,Jones,,CD120282,License,Street Name282,Barangay Name282,Palayan,District 282,Nueva Ecija,Region 282,11/10/1999,San Juan Ilocos Sur,9271265529,M,FILIPINO,FARMER,FARMING,Maria Aldo,,
88-18-9862-50283,Maria,Carter,Ross,,CD120283,License,Street Name283,Barangay Name283,Panabo,District 283,Davao del Norte,Region 283,12/29/1992,San Juan Ilocos Sur,9271290069,F,FILIPINO,FARMER,FARMING,Maria Wells,,
88-18-9862-50284,Ryan,Brooks,Hamil,,CD120284,License,Street Name284,Barangay Name284,Para바que,District 284,Occidental Mindoro,Region 284,12/10/1967,San Juan Ilocos Sur,9271258253,M,FILIPINO,FARMER,FARMING,Maria Jones,,
88-18-9862-50285,Lyndon,Stewart,Rosing,,CD120285,License,Street Name285,Barangay Name285,Pasay,District 285,Occidental Mindoro,Region 285,12/19/1982,San Juan Ilocos Sur,9271267577,F,FILIPINO,FARMER,FARMING,Maria Ross,,
88-18-9862-50286,Lyndon,Kelly,Moore,,CD120286,License,Street Name286,Barangay Name286,Pasig,District 286,Occidental Mindoro,Region 286,12/16/1994,San Juan Ilocos Sur,9271249452,M,FILIPINO,FARMER,FARMING,Maria Hamil,,
88-18-9862-50287,Fenton,Holmes,Stevens,,CD120287,License,Street Name287,Barangay Name287,Passi,District 287,Iloilo,Region 287,12/24/1996,San Juan Ilocos Sur,9271251408,F,FILIPINO,FARMER,FARMING,Maria Rosing,,
88-18-9862-50288,Aiden,Armstrong,Buhos,,CD120288,License,Street Name288,Barangay Name288,Puerto Princesa,District 288,Palawan,Region 288,10/25/1986,San Juan Ilocos Sur,9271262349,M,FILIPINO,FARMER,FARMING,Maria Moore,,
88-18-9862-50289,Alen,Sullivan,Kelley,,CD120289,License,Street Name289,Barangay Name289,Quezon City,District 289,Occidental Mindoro,Region 289,11/15/1965,San Juan Ilocos Sur,9271247708,F,FILIPINO,FARMER,FARMING,Maria Stevens,,
88-18-9862-50290,Audrey,Chapman,Galing,,CD120290,License,Street Name290,Barangay Name290,Roxas,District 290,Capiz,Region 290,11/20/1995,San Juan Ilocos Sur,9271260436,M,FILIPINO,FARMER,FARMING,Maria Buhos,,
88-18-9862-50291,Emma,Thompson,Samson,,CD120291,License,Street Name291,Barangay Name291,Sagay,District 291,Negros Occidental,Region 291,11/15/1960,San Juan Ilocos Sur,9271296991,F,FILIPINO,FARMER,FARMING,Maria Kelley,,
88-18-9862-50292,Arthur,Morris,Montgomery,,CD120292,License,Street Name292,Barangay Name292,Samal,District 292,Davao del Norte,Region 292,12/17/1994,San Juan Ilocos Sur,9271234246,M,FILIPINO,FARMER,FARMING,Maria Galing,,
88-18-9862-50293,Kirsten,Perkins,Lingap,,CD120293,License,Street Name293,Barangay Name293,San Carlos,District 293,Negros Occidental,Region 293,12/13/1980,San Juan Ilocos Sur,9271230028,F,FILIPINO,FARMER,FARMING,Maria Samson,,
88-18-9862-50294,Roman,Reed,Sison,,CD120294,License,Street Name294,Barangay Name294,San Carlos,District 294,Pangasinan,Region 294,10/28/1987,San Juan Ilocos Sur,9271272363,M,FILIPINO,FARMER,FARMING,Maria Montgomery,,
88-18-9862-50295,Ellia,Kelly,Mirang,,CD120295,License,Street Name295,Barangay Name295,San Fernando,District 295,La Union,Region 295,11/21/1964,San Juan Ilocos Sur,9271295375,F,FILIPINO,FARMER,FARMING,Maria Lingap,,
88-18-9862-50296,Dexter,Rogers,Grander,,CD120296,License,Street Name296,Barangay Name296,San Fernando,District 296,Pampanga,Region 296,10/30/1967,San Juan Ilocos Sur,9271266986,M,FILIPINO,FARMER,FARMING,Maria Sison,,
88-18-9862-50297,Aldus,Johnson,Delos Reyes,,CD120297,License,Street Name297,Barangay Name297,San Jose,District 297,Nueva Ecija,Region 297,12/14/1972,San Juan Ilocos Sur,9271233858,F,FILIPINO,FARMER,FARMING,Maria Mirang,,
88-18-9862-50298,Brooke,Fowler,Spencer,,CD120298,License,Street Name298,Barangay Name298,San Jose del Monte,District 298,Bulacan,Region 298,12/13/1977,San Juan Ilocos Sur,9271235729,M,FILIPINO,FARMER,FARMING,Maria Grander,,
88-18-9862-50299,Miley,Wilson,Phillips,,CD120299,License,Street Name299,Barangay Name299,San Juan,District 299,Occidental Mindoro,Region 299,12/24/1983,San Juan Ilocos Sur,9271283056,F,FILIPINO,FARMER,FARMING,Maria Delos Reyes,,
88-18-9862-50300,Chester,Baker,Lima,,CD120300,License,Street Name300,Barangay Name300,San Pablo,District 300,Laguna,Region 300,11/10/1964,San Juan Ilocos Sur,9271229189,M,FILIPINO,FARMER,FARMING,Maria Spencer,,
